<?xml version="1.0" encoding="UTF-8"?>
<project-private xmlns="http://www.netbeans.org/ns/project-private/1">
    <editor-bookmarks xmlns="http://www.netbeans.org/ns/editor-bookmarks/2" lastBookmarkId="0"/>
    <open-files xmlns="http://www.netbeans.org/ns/projectui-open-files/2">
        <group>
            <file>file:/Users/vachanabelgavi/Documents/AED-Final-Project/DoorDeliveryApplication/src/UI/OrganizationAdminPanels/PharmacyAdminJPanel.java</file>
            <file>file:/Users/vachanabelgavi/Documents/AED-Final-Project/DoorDeliveryApplication/src/UI/LabSamples/LabAssistantJPanel.java</file>
            <file>file:/Users/vachanabelgavi/Documents/AED-Final-Project/DoorDeliveryApplication/src/UI/LabSamples/CustomerTestOrderJPanel.java</file>
            <file>file:/Users/vachanabelgavi/Documents/AED-Final-Project/DoorDeliveryApplication/src/UI/OrganizationPanels/MedicalEquipmentsJPanel.java</file>
            <file>file:/Users/vachanabelgavi/Documents/AED-Final-Project/DoorDeliveryApplication/src/UI/LabSamples/SampleCollectionJPanel.java</file>
            <file>file:/Users/vachanabelgavi/Documents/AED-Final-Project/DoorDeliveryApplication/src/UI/DeliveryAgentRole/DeliveryAgentWorkAreaJPanel.java</file>
            <file>file:/Users/vachanabelgavi/Documents/AED-Final-Project/DoorDeliveryApplication/src/UI/OrganizationAdminPanels/DoctorWorkAreaJPanel.java</file>
            <file>file:/Users/vachanabelgavi/Documents/AED-Final-Project/DoorDeliveryApplication/src/UI/LabSamples/ProcessLabWorkRequestJPanel.java</file>
        </group>
    </open-files>
</project-private>
